protein_id,length,n_homologs,n_homologs_avail,mode,p,drafter_accuracy,ref_source
A0A6G0XC32,163,4,4,static,,0.6871,refs_json
A0A6G0XC32,163,4,4,prefix,1,0.6748,refs_json
A0A6G0XC32,163,4,4,prefix,2,0.681,refs_json
A0A6G0XC32,163,4,4,prefix,3,0.681,refs_json
A0A6G0XC32,163,4,4,prefix,4,0.6748,refs_json
A0A6G0XC32,163,4,4,prefix,5,0.6748,refs_json
A0A6G0XC32,163,8,8,static,,0.5951,refs_json
A0A6G0XC32,163,8,8,prefix,1,0.6503,refs_json
A0A6G0XC32,163,8,8,prefix,2,0.638,refs_json
A0A6G0XC32,163,8,8,prefix,3,0.6503,refs_json
A0A6G0XC32,163,8,8,prefix,4,0.638,refs_json
A0A6G0XC32,163,8,8,prefix,5,0.6319,refs_json
A0A6G0XC32,163,16,16,static,,0.6933,refs_json
A0A6G0XC32,163,16,16,prefix,1,0.6564,refs_json
A0A6G0XC32,163,16,16,prefix,2,0.6442,refs_json
A0A6G0XC32,163,16,16,prefix,3,0.6442,refs_json
A0A6G0XC32,163,16,16,prefix,4,0.6442,refs_json
A0A6G0XC32,163,16,16,prefix,5,0.6442,refs_json
A0A6G0XC32,163,32,32,static,,0.6442,refs_json
A0A6G0XC32,163,32,32,prefix,1,0.638,refs_json
A0A6G0XC32,163,32,32,prefix,2,0.6503,refs_json
A0A6G0XC32,163,32,32,prefix,3,0.6258,refs_json
A0A6G0XC32,163,32,32,prefix,4,0.6196,refs_json
A0A6G0XC32,163,32,32,prefix,5,0.6258,refs_json
A0A6G0XC32,163,64,64,static,,0.6319,refs_json
A0A6G0XC32,163,64,64,prefix,1,0.6012,refs_json
A0A6G0XC32,163,64,64,prefix,2,0.6135,refs_json
A0A6G0XC32,163,64,64,prefix,3,0.5951,refs_json
A0A6G0XC32,163,64,64,prefix,4,0.5767,refs_json
A0A6G0XC32,163,64,64,prefix,5,0.5767,refs_json
P00698,147,4,4,static,,0.9388,refs_json
P00698,147,4,4,prefix,1,0.9388,refs_json
P00698,147,4,4,prefix,2,0.9388,refs_json
P00698,147,4,4,prefix,3,0.9388,refs_json
P00698,147,4,4,prefix,4,0.9456,refs_json
P00698,147,4,4,prefix,5,0.9524,refs_json
P00698,147,8,8,static,,0.9524,refs_json
P00698,147,8,8,prefix,1,0.9524,refs_json
P00698,147,8,8,prefix,2,0.9524,refs_json
P00698,147,8,8,prefix,3,0.9524,refs_json
P00698,147,8,8,prefix,4,0.9524,refs_json
P00698,147,8,8,prefix,5,0.9524,refs_json
P00698,147,16,16,static,,0.9388,refs_json
P00698,147,16,16,prefix,1,0.932,refs_json
P00698,147,16,16,prefix,2,0.9388,refs_json
P00698,147,16,16,prefix,3,0.9388,refs_json
P00698,147,16,16,prefix,4,0.9456,refs_json
P00698,147,16,16,prefix,5,0.9524,refs_json
P00698,147,32,32,static,,0.9252,refs_json
P00698,147,32,32,prefix,1,0.9252,refs_json
P00698,147,32,32,prefix,2,0.9388,refs_json
P00698,147,32,32,prefix,3,0.932,refs_json
P00698,147,32,32,prefix,4,0.9388,refs_json
P00698,147,32,32,prefix,5,0.9388,refs_json
P00698,147,64,64,static,,0.8912,refs_json
P00698,147,64,64,prefix,1,0.8912,refs_json
P00698,147,64,64,prefix,2,0.898,refs_json
P00698,147,64,64,prefix,3,0.9048,refs_json
P00698,147,64,64,prefix,4,0.9116,refs_json
P00698,147,64,64,prefix,5,0.9116,refs_json
P01308,110,4,4,static,,0.8727,refs_json
P01308,110,4,4,prefix,1,0.8909,refs_json
P01308,110,4,4,prefix,2,0.8909,refs_json
P01308,110,4,4,prefix,3,0.8909,refs_json
P01308,110,4,4,prefix,4,0.9,refs_json
P01308,110,4,4,prefix,5,0.9091,refs_json
P01308,110,8,8,static,,0.8909,refs_json
P01308,110,8,8,prefix,1,0.9091,refs_json
P01308,110,8,8,prefix,2,0.9182,refs_json
P01308,110,8,8,prefix,3,0.9091,refs_json
P01308,110,8,8,prefix,4,0.9,refs_json
P01308,110,8,8,prefix,5,0.9,refs_json
P01308,110,16,16,static,,0.8909,refs_json
P01308,110,16,16,prefix,1,0.9091,refs_json
P01308,110,16,16,prefix,2,0.9182,refs_json
P01308,110,16,16,prefix,3,0.9182,refs_json
P01308,110,16,16,prefix,4,0.9091,refs_json
P01308,110,16,16,prefix,5,0.9091,refs_json
P01308,110,32,32,static,,0.8909,refs_json
P01308,110,32,32,prefix,1,0.9091,refs_json
P01308,110,32,32,prefix,2,0.9091,refs_json
P01308,110,32,32,prefix,3,0.9091,refs_json
P01308,110,32,32,prefix,4,0.9091,refs_json
P01308,110,32,32,prefix,5,0.9091,refs_json
P01308,110,64,64,static,,0.9091,refs_json
P01308,110,64,64,prefix,1,0.9455,refs_json
P01308,110,64,64,prefix,2,0.9545,refs_json
P01308,110,64,64,prefix,3,0.9636,refs_json
P01308,110,64,64,prefix,4,0.9545,refs_json
P01308,110,64,64,prefix,5,0.9636,refs_json
P01542,46,4,4,static,,0.4565,refs_json
P01542,46,4,4,prefix,1,0.4783,refs_json
P01542,46,4,4,prefix,2,0.4783,refs_json
P01542,46,4,4,prefix,3,0.4783,refs_json
P01542,46,4,4,prefix,4,0.4783,refs_json
P01542,46,4,4,prefix,5,0.4783,refs_json
P01542,46,8,8,static,,0.413,refs_json
P01542,46,8,8,prefix,1,0.4783,refs_json
P01542,46,8,8,prefix,2,0.4783,refs_json
P01542,46,8,8,prefix,3,0.4783,refs_json
P01542,46,8,8,prefix,4,0.4783,refs_json
P01542,46,8,8,prefix,5,0.4783,refs_json
P01542,46,16,16,static,,0.3913,refs_json
P01542,46,16,16,prefix,1,0.5217,refs_json
P01542,46,16,16,prefix,2,0.5217,refs_json
P01542,46,16,16,prefix,3,0.5217,refs_json
P01542,46,16,16,prefix,4,0.5217,refs_json
P01542,46,16,16,prefix,5,0.5217,refs_json
P01542,46,32,32,static,,0.3913,refs_json
P01542,46,32,32,prefix,1,0.5,refs_json
P01542,46,32,32,prefix,2,0.5435,refs_json
P01542,46,32,32,prefix,3,0.5435,refs_json
P01542,46,32,32,prefix,4,0.5435,refs_json
P01542,46,32,32,prefix,5,0.5435,refs_json
P01542,46,64,64,static,,0.3478,refs_json
P01542,46,64,64,prefix,1,0.5,refs_json
P01542,46,64,64,prefix,2,0.5217,refs_json
P01542,46,64,64,prefix,3,0.5217,refs_json
P01542,46,64,64,prefix,4,0.5217,refs_json
P01542,46,64,64,prefix,5,0.5217,refs_json
P02686,304,4,4,static,,0.8158,refs_json
P02686,304,4,4,prefix,1,0.9737,refs_json
P02686,304,4,4,prefix,2,0.9737,refs_json
P02686,304,4,4,prefix,3,0.9803,refs_json
P02686,304,4,4,prefix,4,0.9836,refs_json
P02686,304,4,4,prefix,5,0.9836,refs_json
P02686,304,8,8,static,,0.8191,refs_json
P02686,304,8,8,prefix,1,0.9704,refs_json
P02686,304,8,8,prefix,2,0.9704,refs_json
P02686,304,8,8,prefix,3,0.9803,refs_json
P02686,304,8,8,prefix,4,0.9836,refs_json
P02686,304,8,8,prefix,5,0.9836,refs_json
P02686,304,16,16,static,,0.8125,refs_json
P02686,304,16,16,prefix,1,0.9605,refs_json
P02686,304,16,16,prefix,2,0.9704,refs_json
P02686,304,16,16,prefix,3,0.977,refs_json
P02686,304,16,16,prefix,4,0.9803,refs_json
P02686,304,16,16,prefix,5,0.9803,refs_json
P02686,304,32,32,static,,0.8092,refs_json
P02686,304,32,32,prefix,1,0.9671,refs_json
P02686,304,32,32,prefix,2,0.9704,refs_json
P02686,304,32,32,prefix,3,0.977,refs_json
P02686,304,32,32,prefix,4,0.9803,refs_json
P02686,304,32,32,prefix,5,0.9803,refs_json
P02686,304,64,64,static,,0.8059,refs_json
P02686,304,64,64,prefix,1,0.9671,refs_json
P02686,304,64,64,prefix,2,0.9671,refs_json
P02686,304,64,64,prefix,3,0.977,refs_json
P02686,304,64,64,prefix,4,0.9803,refs_json
P02686,304,64,64,prefix,5,0.9836,refs_json
P02798,61,4,4,static,,0.8689,refs_json
P02798,61,4,4,prefix,1,0.8689,refs_json
P02798,61,4,4,prefix,2,0.8689,refs_json
P02798,61,4,4,prefix,3,0.8689,refs_json
P02798,61,4,4,prefix,4,0.8689,refs_json
P02798,61,4,4,prefix,5,0.8689,refs_json
P02798,61,8,8,static,,0.8852,refs_json
P02798,61,8,8,prefix,1,0.918,refs_json
P02798,61,8,8,prefix,2,0.9344,refs_json
P02798,61,8,8,prefix,3,0.9344,refs_json
P02798,61,8,8,prefix,4,0.9344,refs_json
P02798,61,8,8,prefix,5,0.918,refs_json
P02798,61,16,16,static,,0.8852,refs_json
P02798,61,16,16,prefix,1,0.9016,refs_json
P02798,61,16,16,prefix,2,0.9344,refs_json
P02798,61,16,16,prefix,3,0.9344,refs_json
P02798,61,16,16,prefix,4,0.918,refs_json
P02798,61,16,16,prefix,5,0.9016,refs_json
P02798,61,32,32,static,,0.8525,refs_json
P02798,61,32,32,prefix,1,0.8852,refs_json
P02798,61,32,32,prefix,2,0.918,refs_json
P02798,61,32,32,prefix,3,0.918,refs_json
P02798,61,32,32,prefix,4,0.9016,refs_json
P02798,61,32,32,prefix,5,0.9016,refs_json
P02798,61,64,64,static,,0.8525,refs_json
P02798,61,64,64,prefix,1,0.8852,refs_json
P02798,61,64,64,prefix,2,0.9016,refs_json
P02798,61,64,64,prefix,3,0.9016,refs_json
P02798,61,64,64,prefix,4,0.9016,refs_json
P02798,61,64,64,prefix,5,0.9016,refs_json
P04637,393,4,4,static,,0.9949,refs_json
P04637,393,4,4,prefix,1,0.9949,refs_json
P04637,393,4,4,prefix,2,0.9949,refs_json
P04637,393,4,4,prefix,3,0.9949,refs_json
P04637,393,4,4,prefix,4,0.9949,refs_json
P04637,393,4,4,prefix,5,0.9949,refs_json
P04637,393,8,8,static,,0.9924,refs_json
P04637,393,8,8,prefix,1,0.9898,refs_json
P04637,393,8,8,prefix,2,0.9898,refs_json
P04637,393,8,8,prefix,3,0.9924,refs_json
P04637,393,8,8,prefix,4,0.9924,refs_json
P04637,393,8,8,prefix,5,0.9924,refs_json
P04637,393,16,16,static,,0.9695,refs_json
P04637,393,16,16,prefix,1,0.9847,refs_json
P04637,393,16,16,prefix,2,0.9847,refs_json
P04637,393,16,16,prefix,3,0.9873,refs_json
P04637,393,16,16,prefix,4,0.9873,refs_json
P04637,393,16,16,prefix,5,0.9873,refs_json
P04637,393,32,32,static,,0.944,refs_json
P04637,393,32,32,prefix,1,0.972,refs_json
P04637,393,32,32,prefix,2,0.9746,refs_json
P04637,393,32,32,prefix,3,0.9796,refs_json
P04637,393,32,32,prefix,4,0.9796,refs_json
P04637,393,32,32,prefix,5,0.9796,refs_json
P04637,393,64,64,static,,0.9338,refs_json
P04637,393,64,64,prefix,1,0.9695,refs_json
P04637,393,64,64,prefix,2,0.972,refs_json
P04637,393,64,64,prefix,3,0.9796,refs_json
P04637,393,64,64,prefix,4,0.9822,refs_json
P04637,393,64,64,prefix,5,0.9822,refs_json
P0A7N4,57,4,4,static,,0.8246,refs_json
P0A7N4,57,4,4,prefix,1,0.807,refs_json
P0A7N4,57,4,4,prefix,2,0.807,refs_json
P0A7N4,57,4,4,prefix,3,0.7895,refs_json
P0A7N4,57,4,4,prefix,4,0.7895,refs_json
P0A7N4,57,4,4,prefix,5,0.7895,refs_json
P0A7N4,57,8,8,static,,0.807,refs_json
P0A7N4,57,8,8,prefix,1,0.807,refs_json
P0A7N4,57,8,8,prefix,2,0.807,refs_json
P0A7N4,57,8,8,prefix,3,0.7895,refs_json
P0A7N4,57,8,8,prefix,4,0.7895,refs_json
P0A7N4,57,8,8,prefix,5,0.7895,refs_json
P0A7N4,57,16,16,static,,0.807,refs_json
P0A7N4,57,16,16,prefix,1,0.807,refs_json
P0A7N4,57,16,16,prefix,2,0.807,refs_json
P0A7N4,57,16,16,prefix,3,0.807,refs_json
P0A7N4,57,16,16,prefix,4,0.807,refs_json
P0A7N4,57,16,16,prefix,5,0.807,refs_json
P0A7N4,57,32,32,static,,0.807,refs_json
P0A7N4,57,32,32,prefix,1,0.807,refs_json
P0A7N4,57,32,32,prefix,2,0.807,refs_json
P0A7N4,57,32,32,prefix,3,0.807,refs_json
P0A7N4,57,32,32,prefix,4,0.807,refs_json
P0A7N4,57,32,32,prefix,5,0.807,refs_json
P0A7N4,57,64,64,static,,0.807,refs_json
P0A7N4,57,64,64,prefix,1,0.807,refs_json
P0A7N4,57,64,64,prefix,2,0.807,refs_json
P0A7N4,57,64,64,prefix,3,0.807,refs_json
P0A7N4,57,64,64,prefix,4,0.7895,refs_json
P0A7N4,57,64,64,prefix,5,0.7895,refs_json
P0A7U3,92,4,4,static,,0.9457,refs_json
P0A7U3,92,4,4,prefix,1,0.9348,refs_json
P0A7U3,92,4,4,prefix,2,0.9348,refs_json
P0A7U3,92,4,4,prefix,3,0.9348,refs_json
P0A7U3,92,4,4,prefix,4,0.9348,refs_json
P0A7U3,92,4,4,prefix,5,0.9348,refs_json
P0A7U3,92,8,8,static,,0.9565,refs_json
P0A7U3,92,8,8,prefix,1,0.9457,refs_json
P0A7U3,92,8,8,prefix,2,0.9457,refs_json
P0A7U3,92,8,8,prefix,3,0.9457,refs_json
P0A7U3,92,8,8,prefix,4,0.9457,refs_json
P0A7U3,92,8,8,prefix,5,0.9457,refs_json
P0A7U3,92,16,16,static,,0.9565,refs_json
P0A7U3,92,16,16,prefix,1,0.9457,refs_json
P0A7U3,92,16,16,prefix,2,0.9457,refs_json
P0A7U3,92,16,16,prefix,3,0.9457,refs_json
P0A7U3,92,16,16,prefix,4,0.9457,refs_json
P0A7U3,92,16,16,prefix,5,0.9457,refs_json
P0A7U3,92,32,32,static,,0.9565,refs_json
P0A7U3,92,32,32,prefix,1,0.9674,refs_json
P0A7U3,92,32,32,prefix,2,0.9565,refs_json
P0A7U3,92,32,32,prefix,3,0.9565,refs_json
P0A7U3,92,32,32,prefix,4,0.9457,refs_json
P0A7U3,92,32,32,prefix,5,0.9457,refs_json
P0A7U3,92,64,64,static,,0.9565,refs_json
P0A7U3,92,64,64,prefix,1,0.9457,refs_json
P0A7U3,92,64,64,prefix,2,0.9457,refs_json
P0A7U3,92,64,64,prefix,3,0.9457,refs_json
P0A7U3,92,64,64,prefix,4,0.9348,refs_json
P0A7U3,92,64,64,prefix,5,0.9348,refs_json
P0A7Y4,155,4,4,static,,0.929,refs_json
P0A7Y4,155,4,4,prefix,1,0.9355,refs_json
P0A7Y4,155,4,4,prefix,2,0.9613,refs_json
P0A7Y4,155,4,4,prefix,3,0.9677,refs_json
P0A7Y4,155,4,4,prefix,4,0.9677,refs_json
P0A7Y4,155,4,4,prefix,5,0.9677,refs_json
P0A7Y4,155,8,8,static,,0.9355,refs_json
P0A7Y4,155,8,8,prefix,1,0.9419,refs_json
P0A7Y4,155,8,8,prefix,2,0.9677,refs_json
P0A7Y4,155,8,8,prefix,3,0.9677,refs_json
P0A7Y4,155,8,8,prefix,4,0.9677,refs_json
P0A7Y4,155,8,8,prefix,5,0.9677,refs_json
P0A7Y4,155,16,16,static,,0.9355,refs_json
P0A7Y4,155,16,16,prefix,1,0.9419,refs_json
P0A7Y4,155,16,16,prefix,2,0.9677,refs_json
P0A7Y4,155,16,16,prefix,3,0.9677,refs_json
P0A7Y4,155,16,16,prefix,4,0.9677,refs_json
P0A7Y4,155,16,16,prefix,5,0.9677,refs_json
P0A7Y4,155,32,32,static,,0.9226,refs_json
P0A7Y4,155,32,32,prefix,1,0.9355,refs_json
P0A7Y4,155,32,32,prefix,2,0.9613,refs_json
P0A7Y4,155,32,32,prefix,3,0.9613,refs_json
P0A7Y4,155,32,32,prefix,4,0.9548,refs_json
P0A7Y4,155,32,32,prefix,5,0.9613,refs_json
P0A7Y4,155,64,64,static,,0.9226,refs_json
P0A7Y4,155,64,64,prefix,1,0.929,refs_json
P0A7Y4,155,64,64,prefix,2,0.9484,refs_json
P0A7Y4,155,64,64,prefix,3,0.9548,refs_json
P0A7Y4,155,64,64,prefix,4,0.9548,refs_json
P0A7Y4,155,64,64,prefix,5,0.9548,refs_json
P0A953,406,4,4,static,,0.7537,refs_json
P0A953,406,4,4,prefix,1,0.7463,refs_json
P0A953,406,4,4,prefix,2,0.7488,refs_json
P0A953,406,4,4,prefix,3,0.7488,refs_json
P0A953,406,4,4,prefix,4,0.7463,refs_json
P0A953,406,4,4,prefix,5,0.7488,refs_json
P0A953,406,8,8,static,,0.7562,refs_json
P0A953,406,8,8,prefix,1,0.7512,refs_json
P0A953,406,8,8,prefix,2,0.7537,refs_json
P0A953,406,8,8,prefix,3,0.7537,refs_json
P0A953,406,8,8,prefix,4,0.7512,refs_json
P0A953,406,8,8,prefix,5,0.7463,refs_json
P0A953,406,16,16,static,,0.766,refs_json
P0A953,406,16,16,prefix,1,0.798,refs_json
P0A953,406,16,16,prefix,2,0.7882,refs_json
P0A953,406,16,16,prefix,3,0.7882,refs_json
P0A953,406,16,16,prefix,4,0.7783,refs_json
P0A953,406,16,16,prefix,5,0.7709,refs_json
P0A953,406,32,32,static,,0.7783,refs_json
P0A953,406,32,32,prefix,1,0.83,refs_json
P0A953,406,32,32,prefix,2,0.8276,refs_json
P0A953,406,32,32,prefix,3,0.835,refs_json
P0A953,406,32,32,prefix,4,0.83,refs_json
P0A953,406,32,32,prefix,5,0.835,refs_json
P0A953,406,64,64,static,,0.7734,refs_json
P0A953,406,64,64,prefix,1,0.8399,refs_json
P0A953,406,64,64,prefix,2,0.8448,refs_json
P0A953,406,64,64,prefix,3,0.8473,refs_json
P0A953,406,64,64,prefix,4,0.8547,refs_json
P0A953,406,64,64,prefix,5,0.8596,refs_json
P0A988,366,4,4,static,,0.9781,refs_json
P0A988,366,4,4,prefix,1,0.9836,refs_json
P0A988,366,4,4,prefix,2,0.9809,refs_json
P0A988,366,4,4,prefix,3,0.9809,refs_json
P0A988,366,4,4,prefix,4,0.9809,refs_json
P0A988,366,4,4,prefix,5,0.9809,refs_json
P0A988,366,8,8,static,,0.9945,refs_json
P0A988,366,8,8,prefix,1,0.9945,refs_json
P0A988,366,8,8,prefix,2,0.9945,refs_json
P0A988,366,8,8,prefix,3,0.9945,refs_json
P0A988,366,8,8,prefix,4,0.9945,refs_json
P0A988,366,8,8,prefix,5,0.9945,refs_json
P0A988,366,16,16,static,,0.9891,refs_json
P0A988,366,16,16,prefix,1,0.9891,refs_json
P0A988,366,16,16,prefix,2,0.9891,refs_json
P0A988,366,16,16,prefix,3,0.9891,refs_json
P0A988,366,16,16,prefix,4,0.9891,refs_json
P0A988,366,16,16,prefix,5,0.9918,refs_json
P0A988,366,32,32,static,,0.9945,refs_json
P0A988,366,32,32,prefix,1,0.9945,refs_json
P0A988,366,32,32,prefix,2,0.9918,refs_json
P0A988,366,32,32,prefix,3,0.9918,refs_json
P0A988,366,32,32,prefix,4,0.9918,refs_json
P0A988,366,32,32,prefix,5,0.9918,refs_json
P0A988,366,64,64,static,,0.9863,refs_json
P0A988,366,64,64,prefix,1,0.9863,refs_json
P0A988,366,64,64,prefix,2,0.9836,refs_json
P0A988,366,64,64,prefix,3,0.9863,refs_json
P0A988,366,64,64,prefix,4,0.9863,refs_json
P0A988,366,64,64,prefix,5,0.9891,refs_json
P0A9Q7,891,4,4,static,,0.9719,refs_json
P0A9Q7,891,4,4,prefix,1,0.9719,refs_json
P0A9Q7,891,4,4,prefix,2,0.9719,refs_json
P0A9Q7,891,4,4,prefix,3,0.9731,refs_json
P0A9Q7,891,4,4,prefix,4,0.9719,refs_json
P0A9Q7,891,4,4,prefix,5,0.9719,refs_json
P0A9Q7,891,8,8,static,,0.9753,refs_json
P0A9Q7,891,8,8,prefix,1,0.982,refs_json
P0A9Q7,891,8,8,prefix,2,0.9843,refs_json
P0A9Q7,891,8,8,prefix,3,0.9832,refs_json
P0A9Q7,891,8,8,prefix,4,0.982,refs_json
P0A9Q7,891,8,8,prefix,5,0.982,refs_json
P0A9Q7,891,16,16,static,,0.9652,refs_json
P0A9Q7,891,16,16,prefix,1,0.9731,refs_json
P0A9Q7,891,16,16,prefix,2,0.9719,refs_json
P0A9Q7,891,16,16,prefix,3,0.9708,refs_json
P0A9Q7,891,16,16,prefix,4,0.9697,refs_json
P0A9Q7,891,16,16,prefix,5,0.9719,refs_json
P0A9Q7,891,32,32,static,,0.9585,refs_json
P0A9Q7,891,32,32,prefix,1,0.963,refs_json
P0A9Q7,891,32,32,prefix,2,0.9618,refs_json
P0A9Q7,891,32,32,prefix,3,0.9652,refs_json
P0A9Q7,891,32,32,prefix,4,0.9663,refs_json
P0A9Q7,891,32,32,prefix,5,0.9686,refs_json
P0A9Q7,891,64,64,static,,0.9506,refs_json
P0A9Q7,891,64,64,prefix,1,0.9596,refs_json
P0A9Q7,891,64,64,prefix,2,0.9574,refs_json
P0A9Q7,891,64,64,prefix,3,0.963,refs_json
P0A9Q7,891,64,64,prefix,4,0.963,refs_json
P0A9Q7,891,64,64,prefix,5,0.9663,refs_json
P0ABH7,427,4,4,static,,0.9578,refs_json
P0ABH7,427,4,4,prefix,1,0.9602,refs_json
P0ABH7,427,4,4,prefix,2,0.9602,refs_json
P0ABH7,427,4,4,prefix,3,0.9578,refs_json
P0ABH7,427,4,4,prefix,4,0.9578,refs_json
P0ABH7,427,4,4,prefix,5,0.9578,refs_json
P0ABH7,427,8,8,static,,0.9625,refs_json
P0ABH7,427,8,8,prefix,1,0.9625,refs_json
P0ABH7,427,8,8,prefix,2,0.9625,refs_json
P0ABH7,427,8,8,prefix,3,0.9602,refs_json
P0ABH7,427,8,8,prefix,4,0.9602,refs_json
P0ABH7,427,8,8,prefix,5,0.9602,refs_json
P0ABH7,427,16,16,static,,0.9555,refs_json
P0ABH7,427,16,16,prefix,1,0.9578,refs_json
P0ABH7,427,16,16,prefix,2,0.9649,refs_json
P0ABH7,427,16,16,prefix,3,0.9649,refs_json
P0ABH7,427,16,16,prefix,4,0.9625,refs_json
P0ABH7,427,16,16,prefix,5,0.9625,refs_json
P0ABH7,427,32,32,static,,0.9578,refs_json
P0ABH7,427,32,32,prefix,1,0.9602,refs_json
P0ABH7,427,32,32,prefix,2,0.9649,refs_json
P0ABH7,427,32,32,prefix,3,0.9696,refs_json
P0ABH7,427,32,32,prefix,4,0.9696,refs_json
P0ABH7,427,32,32,prefix,5,0.9696,refs_json
P0ABH7,427,64,64,static,,0.9555,refs_json
P0ABH7,427,64,64,prefix,1,0.9578,refs_json
P0ABH7,427,64,64,prefix,2,0.9625,refs_json
P0ABH7,427,64,64,prefix,3,0.9649,refs_json
P0ABH7,427,64,64,prefix,4,0.9649,refs_json
P0ABH7,427,64,64,prefix,5,0.9649,refs_json
P0ACJ8,210,4,4,static,,1.0,refs_json
P0ACJ8,210,4,4,prefix,1,0.9952,refs_json
P0ACJ8,210,4,4,prefix,2,0.9952,refs_json
P0ACJ8,210,4,4,prefix,3,0.9952,refs_json
P0ACJ8,210,4,4,prefix,4,1.0,refs_json
P0ACJ8,210,4,4,prefix,5,1.0,refs_json
P0ACJ8,210,8,8,static,,0.9905,refs_json
P0ACJ8,210,8,8,prefix,1,0.9905,refs_json
P0ACJ8,210,8,8,prefix,2,0.9905,refs_json
P0ACJ8,210,8,8,prefix,3,0.9905,refs_json
P0ACJ8,210,8,8,prefix,4,0.9905,refs_json
P0ACJ8,210,8,8,prefix,5,0.9905,refs_json
P0ACJ8,210,16,16,static,,0.9857,refs_json
P0ACJ8,210,16,16,prefix,1,0.981,refs_json
P0ACJ8,210,16,16,prefix,2,0.9905,refs_json
P0ACJ8,210,16,16,prefix,3,0.9857,refs_json
P0ACJ8,210,16,16,prefix,4,0.981,refs_json
P0ACJ8,210,16,16,prefix,5,0.981,refs_json
P0ACJ8,210,32,32,static,,0.981,refs_json
P0ACJ8,210,32,32,prefix,1,0.9762,refs_json
P0ACJ8,210,32,32,prefix,2,0.9857,refs_json
P0ACJ8,210,32,32,prefix,3,0.981,refs_json
P0ACJ8,210,32,32,prefix,4,0.981,refs_json
P0ACJ8,210,32,32,prefix,5,0.9857,refs_json
P0ACJ8,210,64,64,static,,0.9524,refs_json
P0ACJ8,210,64,64,prefix,1,0.9619,refs_json
P0ACJ8,210,64,64,prefix,2,0.9667,refs_json
P0ACJ8,210,64,64,prefix,3,0.9667,refs_json
P0ACJ8,210,64,64,prefix,4,0.9619,refs_json
P0ACJ8,210,64,64,prefix,5,0.9667,refs_json
P0AFL6,513,4,4,static,,0.9552,refs_json
P0AFL6,513,4,4,prefix,1,0.9649,refs_json
P0AFL6,513,4,4,prefix,2,0.9669,refs_json
P0AFL6,513,4,4,prefix,3,0.9688,refs_json
P0AFL6,513,4,4,prefix,4,0.9688,refs_json
P0AFL6,513,4,4,prefix,5,0.9747,refs_json
P0AFL6,513,8,8,static,,0.9591,refs_json
P0AFL6,513,8,8,prefix,1,0.963,refs_json
P0AFL6,513,8,8,prefix,2,0.9649,refs_json
P0AFL6,513,8,8,prefix,3,0.9649,refs_json
P0AFL6,513,8,8,prefix,4,0.9669,refs_json
P0AFL6,513,8,8,prefix,5,0.9669,refs_json
P0AFL6,513,16,16,static,,0.9376,refs_json
P0AFL6,513,16,16,prefix,1,0.9532,refs_json
P0AFL6,513,16,16,prefix,2,0.9552,refs_json
P0AFL6,513,16,16,prefix,3,0.9591,refs_json
P0AFL6,513,16,16,prefix,4,0.9571,refs_json
P0AFL6,513,16,16,prefix,5,0.9591,refs_json
P0AFL6,513,32,32,static,,0.924,refs_json
P0AFL6,513,32,32,prefix,1,0.9396,refs_json
P0AFL6,513,32,32,prefix,2,0.9396,refs_json
P0AFL6,513,32,32,prefix,3,0.9474,refs_json
P0AFL6,513,32,32,prefix,4,0.9493,refs_json
P0AFL6,513,32,32,prefix,5,0.9513,refs_json
P0AFL6,513,64,64,static,,0.9279,refs_json
P0AFL6,513,64,64,prefix,1,0.9337,refs_json
P0AFL6,513,64,64,prefix,2,0.9298,refs_json
P0AFL6,513,64,64,prefix,3,0.9357,refs_json
P0AFL6,513,64,64,prefix,4,0.9415,refs_json
P0AFL6,513,64,64,prefix,5,0.9415,refs_json
P0DP27,149,4,4,static,,0.9866,refs_json
P0DP27,149,4,4,prefix,1,0.9866,refs_json
P0DP27,149,4,4,prefix,2,0.9866,refs_json
P0DP27,149,4,4,prefix,3,0.9866,refs_json
P0DP27,149,4,4,prefix,4,0.9866,refs_json
P0DP27,149,4,4,prefix,5,0.9866,refs_json
P0DP27,149,8,8,static,,0.9866,refs_json
P0DP27,149,8,8,prefix,1,0.9866,refs_json
P0DP27,149,8,8,prefix,2,0.9866,refs_json
P0DP27,149,8,8,prefix,3,0.9866,refs_json
P0DP27,149,8,8,prefix,4,0.9866,refs_json
P0DP27,149,8,8,prefix,5,0.9866,refs_json
P0DP27,149,16,16,static,,0.9866,refs_json
P0DP27,149,16,16,prefix,1,0.9866,refs_json
P0DP27,149,16,16,prefix,2,0.9866,refs_json
P0DP27,149,16,16,prefix,3,0.9866,refs_json
P0DP27,149,16,16,prefix,4,0.9866,refs_json
P0DP27,149,16,16,prefix,5,0.9866,refs_json
P0DP27,149,32,32,static,,0.9933,refs_json
P0DP27,149,32,32,prefix,1,0.9933,refs_json
P0DP27,149,32,32,prefix,2,0.9866,refs_json
P0DP27,149,32,32,prefix,3,0.9866,refs_json
P0DP27,149,32,32,prefix,4,0.9866,refs_json
P0DP27,149,32,32,prefix,5,0.9866,refs_json
P0DP27,149,64,64,static,,0.9933,refs_json
P0DP27,149,64,64,prefix,1,0.9933,refs_json
P0DP27,149,64,64,prefix,2,0.9866,refs_json
P0DP27,149,64,64,prefix,3,0.9866,refs_json
P0DP27,149,64,64,prefix,4,0.9866,refs_json
P0DP27,149,64,64,prefix,5,0.9866,refs_json
P0DTC9,419,4,4,static,,0.8878,refs_json
P0DTC9,419,4,4,prefix,1,0.9332,refs_json
P0DTC9,419,4,4,prefix,2,0.9618,refs_json
P0DTC9,419,4,4,prefix,3,0.9642,refs_json
P0DTC9,419,4,4,prefix,4,0.9642,refs_json
P0DTC9,419,4,4,prefix,5,0.9642,refs_json
P0DTC9,419,8,8,static,,0.8974,refs_json
P0DTC9,419,8,8,prefix,1,0.9332,refs_json
P0DTC9,419,8,8,prefix,2,0.9618,refs_json
P0DTC9,419,8,8,prefix,3,0.9642,refs_json
P0DTC9,419,8,8,prefix,4,0.9642,refs_json
P0DTC9,419,8,8,prefix,5,0.9642,refs_json
P0DTC9,419,16,16,static,,0.852,refs_json
P0DTC9,419,16,16,prefix,1,0.9308,refs_json
P0DTC9,419,16,16,prefix,2,0.9618,refs_json
P0DTC9,419,16,16,prefix,3,0.9594,refs_json
P0DTC9,419,16,16,prefix,4,0.9642,refs_json
P0DTC9,419,16,16,prefix,5,0.9642,refs_json
P0DTC9,419,32,32,static,,0.8735,refs_json
P0DTC9,419,32,32,prefix,1,0.9236,refs_json
P0DTC9,419,32,32,prefix,2,0.9499,refs_json
P0DTC9,419,32,32,prefix,3,0.9475,refs_json
P0DTC9,419,32,32,prefix,4,0.9547,refs_json
P0DTC9,419,32,32,prefix,5,0.9547,refs_json
P0DTC9,419,64,41,static,,0.8759,refs_json
P0DTC9,419,64,41,prefix,1,0.9189,refs_json
P0DTC9,419,64,41,prefix,2,0.9427,refs_json
P0DTC9,419,64,41,prefix,3,0.9427,refs_json
P0DTC9,419,64,41,prefix,4,0.9499,refs_json
P0DTC9,419,64,41,prefix,5,0.9523,refs_json
P10599,105,4,4,static,,0.981,refs_json
P10599,105,4,4,prefix,1,0.9905,refs_json
P10599,105,4,4,prefix,2,0.9905,refs_json
P10599,105,4,4,prefix,3,0.9905,refs_json
P10599,105,4,4,prefix,4,0.9905,refs_json
P10599,105,4,4,prefix,5,0.9905,refs_json
P10599,105,8,8,static,,0.981,refs_json
P10599,105,8,8,prefix,1,0.9905,refs_json
P10599,105,8,8,prefix,2,0.9905,refs_json
P10599,105,8,8,prefix,3,0.9905,refs_json
P10599,105,8,8,prefix,4,0.9905,refs_json
P10599,105,8,8,prefix,5,0.9905,refs_json
P10599,105,16,16,static,,0.9905,refs_json
P10599,105,16,16,prefix,1,0.9905,refs_json
P10599,105,16,16,prefix,2,0.9905,refs_json
P10599,105,16,16,prefix,3,0.9905,refs_json
P10599,105,16,16,prefix,4,0.9905,refs_json
P10599,105,16,16,prefix,5,0.9905,refs_json
P10599,105,32,32,static,,0.9905,refs_json
P10599,105,32,32,prefix,1,0.9905,refs_json
P10599,105,32,32,prefix,2,0.9905,refs_json
P10599,105,32,32,prefix,3,0.9905,refs_json
P10599,105,32,32,prefix,4,0.9905,refs_json
P10599,105,32,32,prefix,5,0.9905,refs_json
P10599,105,64,64,static,,0.981,refs_json
P10599,105,64,64,prefix,1,0.981,refs_json
P10599,105,64,64,prefix,2,0.981,refs_json
P10599,105,64,64,prefix,3,0.981,refs_json
P10599,105,64,64,prefix,4,0.981,refs_json
P10599,105,64,64,prefix,5,0.981,refs_json
P15378,248,4,4,static,,0.8911,refs_json
P15378,248,4,4,prefix,1,0.8952,refs_json
P15378,248,4,4,prefix,2,0.8871,refs_json
P15378,248,4,4,prefix,3,0.8831,refs_json
P15378,248,4,4,prefix,4,0.8831,refs_json
P15378,248,4,4,prefix,5,0.8831,refs_json
P15378,248,8,8,static,,0.8952,refs_json
P15378,248,8,8,prefix,1,0.8992,refs_json
P15378,248,8,8,prefix,2,0.8952,refs_json
P15378,248,8,8,prefix,3,0.8911,refs_json
P15378,248,8,8,prefix,4,0.8911,refs_json
P15378,248,8,8,prefix,5,0.8831,refs_json
P15378,248,16,16,static,,0.8911,refs_json
P15378,248,16,16,prefix,1,0.8911,refs_json
P15378,248,16,16,prefix,2,0.8831,refs_json
P15378,248,16,16,prefix,3,0.8871,refs_json
P15378,248,16,16,prefix,4,0.8831,refs_json
P15378,248,16,16,prefix,5,0.8831,refs_json
P15378,248,32,32,static,,0.8952,refs_json
P15378,248,32,32,prefix,1,0.9073,refs_json
P15378,248,32,32,prefix,2,0.9073,refs_json
P15378,248,32,32,prefix,3,0.8992,refs_json
P15378,248,32,32,prefix,4,0.8992,refs_json
P15378,248,32,32,prefix,5,0.9032,refs_json
P15378,248,64,64,static,,0.9032,refs_json
P15378,248,64,64,prefix,1,0.9113,refs_json
P15378,248,64,64,prefix,2,0.9194,refs_json
P15378,248,64,64,prefix,3,0.9274,refs_json
P15378,248,64,64,prefix,4,0.9113,refs_json
P15378,248,64,64,prefix,5,0.9113,refs_json
P16949,149,4,4,static,,0.9933,refs_json
P16949,149,4,4,prefix,1,0.9933,refs_json
P16949,149,4,4,prefix,2,0.9933,refs_json
P16949,149,4,4,prefix,3,0.9933,refs_json
P16949,149,4,4,prefix,4,0.9933,refs_json
P16949,149,4,4,prefix,5,0.9933,refs_json
P16949,149,8,8,static,,1.0,refs_json
P16949,149,8,8,prefix,1,1.0,refs_json
P16949,149,8,8,prefix,2,1.0,refs_json
P16949,149,8,8,prefix,3,1.0,refs_json
P16949,149,8,8,prefix,4,1.0,refs_json
P16949,149,8,8,prefix,5,1.0,refs_json
P16949,149,16,16,static,,1.0,refs_json
P16949,149,16,16,prefix,1,1.0,refs_json
P16949,149,16,16,prefix,2,1.0,refs_json
P16949,149,16,16,prefix,3,1.0,refs_json
P16949,149,16,16,prefix,4,1.0,refs_json
P16949,149,16,16,prefix,5,1.0,refs_json
P16949,149,32,32,static,,0.9933,refs_json
P16949,149,32,32,prefix,1,0.9866,refs_json
P16949,149,32,32,prefix,2,0.9866,refs_json
P16949,149,32,32,prefix,3,0.9933,refs_json
P16949,149,32,32,prefix,4,0.9933,refs_json
P16949,149,32,32,prefix,5,0.9933,refs_json
P16949,149,64,64,static,,0.9799,refs_json
P16949,149,64,64,prefix,1,0.9866,refs_json
P16949,149,64,64,prefix,2,0.9799,refs_json
P16949,149,64,64,prefix,3,0.9866,refs_json
P16949,149,64,64,prefix,4,0.9866,refs_json
P16949,149,64,64,prefix,5,0.9866,refs_json
P18253,162,4,4,static,,0.9383,refs_json
P18253,162,4,4,prefix,1,0.9444,refs_json
P18253,162,4,4,prefix,2,0.9444,refs_json
P18253,162,4,4,prefix,3,0.9506,refs_json
P18253,162,4,4,prefix,4,0.9506,refs_json
P18253,162,4,4,prefix,5,0.9506,refs_json
P18253,162,8,8,static,,0.9568,refs_json
P18253,162,8,8,prefix,1,0.963,refs_json
P18253,162,8,8,prefix,2,0.963,refs_json
P18253,162,8,8,prefix,3,0.963,refs_json
P18253,162,8,8,prefix,4,0.963,refs_json
P18253,162,8,8,prefix,5,0.963,refs_json
P18253,162,16,16,static,,0.963,refs_json
P18253,162,16,16,prefix,1,0.9691,refs_json
P18253,162,16,16,prefix,2,0.9691,refs_json
P18253,162,16,16,prefix,3,0.9691,refs_json
P18253,162,16,16,prefix,4,0.963,refs_json
P18253,162,16,16,prefix,5,0.963,refs_json
P18253,162,32,32,static,,0.9691,refs_json
P18253,162,32,32,prefix,1,0.9753,refs_json
P18253,162,32,32,prefix,2,0.9753,refs_json
P18253,162,32,32,prefix,3,0.9753,refs_json
P18253,162,32,32,prefix,4,0.9691,refs_json
P18253,162,32,32,prefix,5,0.9691,refs_json
P18253,162,64,64,static,,0.963,refs_json
P18253,162,64,64,prefix,1,0.9691,refs_json
P18253,162,64,64,prefix,2,0.9691,refs_json
P18253,162,64,64,prefix,3,0.9691,refs_json
P18253,162,64,64,prefix,4,0.9691,refs_json
P18253,162,64,64,prefix,5,0.9691,refs_json
P22579,1536,4,4,static,,1.0,refs_json
P22579,1536,4,4,prefix,1,1.0,refs_json
P22579,1536,4,4,prefix,2,1.0,refs_json
P22579,1536,4,4,prefix,3,1.0,refs_json
P22579,1536,4,4,prefix,4,1.0,refs_json
P22579,1536,4,4,prefix,5,1.0,refs_json
P22579,1536,8,8,static,,0.9941,refs_json
P22579,1536,8,8,prefix,1,0.9948,refs_json
P22579,1536,8,8,prefix,2,0.9967,refs_json
P22579,1536,8,8,prefix,3,0.9967,refs_json
P22579,1536,8,8,prefix,4,0.9974,refs_json
P22579,1536,8,8,prefix,5,0.9974,refs_json
P22579,1536,16,16,static,,0.9941,refs_json
P22579,1536,16,16,prefix,1,0.9941,refs_json
P22579,1536,16,16,prefix,2,0.9941,refs_json
P22579,1536,16,16,prefix,3,0.9954,refs_json
P22579,1536,16,16,prefix,4,0.9961,refs_json
P22579,1536,16,16,prefix,5,0.9961,refs_json
P22579,1536,32,32,static,,0.9844,refs_json
P22579,1536,32,32,prefix,1,0.9948,refs_json
P22579,1536,32,32,prefix,2,0.9948,refs_json
P22579,1536,32,32,prefix,3,0.9941,refs_json
P22579,1536,32,32,prefix,4,0.9948,refs_json
P22579,1536,32,32,prefix,5,0.9948,refs_json
P22579,1536,64,64,static,,0.9375,refs_json
P22579,1536,64,64,prefix,1,0.9941,refs_json
P22579,1536,64,64,prefix,2,0.9941,refs_json
P22579,1536,64,64,prefix,3,0.9935,refs_json
P22579,1536,64,64,prefix,4,0.9941,refs_json
P22579,1536,64,64,prefix,5,0.9935,refs_json
P24311,80,4,4,static,,0.9625,refs_json
P24311,80,4,4,prefix,1,0.9625,refs_json
P24311,80,4,4,prefix,2,0.95,refs_json
P24311,80,4,4,prefix,3,0.95,refs_json
P24311,80,4,4,prefix,4,0.95,refs_json
P24311,80,4,4,prefix,5,0.9375,refs_json
P24311,80,8,8,static,,0.9625,refs_json
P24311,80,8,8,prefix,1,0.975,refs_json
P24311,80,8,8,prefix,2,0.9625,refs_json
P24311,80,8,8,prefix,3,0.9625,refs_json
P24311,80,8,8,prefix,4,0.9625,refs_json
P24311,80,8,8,prefix,5,0.9375,refs_json
P24311,80,16,16,static,,0.95,refs_json
P24311,80,16,16,prefix,1,0.95,refs_json
P24311,80,16,16,prefix,2,0.95,refs_json
P24311,80,16,16,prefix,3,0.95,refs_json
P24311,80,16,16,prefix,4,0.95,refs_json
P24311,80,16,16,prefix,5,0.9375,refs_json
P24311,80,32,32,static,,0.9375,refs_json
P24311,80,32,32,prefix,1,0.9375,refs_json
P24311,80,32,32,prefix,2,0.95,refs_json
P24311,80,32,32,prefix,3,0.95,refs_json
P24311,80,32,32,prefix,4,0.95,refs_json
P24311,80,32,32,prefix,5,0.95,refs_json
P24311,80,64,64,static,,0.95,refs_json
P24311,80,64,64,prefix,1,0.9625,refs_json
P24311,80,64,64,prefix,2,0.95,refs_json
P24311,80,64,64,prefix,3,0.95,refs_json
P24311,80,64,64,prefix,4,0.95,refs_json
P24311,80,64,64,prefix,5,0.95,refs_json
P34690,448,4,4,static,,0.971,refs_json
P34690,448,4,4,prefix,1,0.9754,refs_json
P34690,448,4,4,prefix,2,0.9777,refs_json
P34690,448,4,4,prefix,3,0.9777,refs_json
P34690,448,4,4,prefix,4,0.9777,refs_json
P34690,448,4,4,prefix,5,0.9777,refs_json
P34690,448,8,8,static,,0.9732,refs_json
P34690,448,8,8,prefix,1,0.9777,refs_json
P34690,448,8,8,prefix,2,0.9799,refs_json
P34690,448,8,8,prefix,3,0.9799,refs_json
P34690,448,8,8,prefix,4,0.9799,refs_json
P34690,448,8,8,prefix,5,0.9799,refs_json
P34690,448,16,16,static,,0.9777,refs_json
P34690,448,16,16,prefix,1,0.9799,refs_json
P34690,448,16,16,prefix,2,0.9799,refs_json
P34690,448,16,16,prefix,3,0.9799,refs_json
P34690,448,16,16,prefix,4,0.9799,refs_json
P34690,448,16,16,prefix,5,0.9799,refs_json
P34690,448,32,32,static,,0.9777,refs_json
P34690,448,32,32,prefix,1,0.9821,refs_json
P34690,448,32,32,prefix,2,0.9844,refs_json
P34690,448,32,32,prefix,3,0.9821,refs_json
P34690,448,32,32,prefix,4,0.9821,refs_json
P34690,448,32,32,prefix,5,0.9821,refs_json
P34690,448,64,64,static,,0.9799,refs_json
P34690,448,64,64,prefix,1,0.9821,refs_json
P34690,448,64,64,prefix,2,0.9821,refs_json
P34690,448,64,64,prefix,3,0.9821,refs_json
P34690,448,64,64,prefix,4,0.9821,refs_json
P34690,448,64,64,prefix,5,0.9821,refs_json
P37840,140,4,4,static,,0.9929,refs_json
P37840,140,4,4,prefix,1,0.9929,refs_json
P37840,140,4,4,prefix,2,0.9929,refs_json
P37840,140,4,4,prefix,3,0.9929,refs_json
P37840,140,4,4,prefix,4,0.9929,refs_json
P37840,140,4,4,prefix,5,0.9929,refs_json
P37840,140,8,8,static,,0.9786,refs_json
P37840,140,8,8,prefix,1,0.9857,refs_json
P37840,140,8,8,prefix,2,0.9857,refs_json
P37840,140,8,8,prefix,3,0.9857,refs_json
P37840,140,8,8,prefix,4,0.9857,refs_json
P37840,140,8,8,prefix,5,0.9857,refs_json
P37840,140,16,16,static,,0.9857,refs_json
P37840,140,16,16,prefix,1,0.9786,refs_json
P37840,140,16,16,prefix,2,0.9857,refs_json
P37840,140,16,16,prefix,3,0.9857,refs_json
P37840,140,16,16,prefix,4,0.9857,refs_json
P37840,140,16,16,prefix,5,0.9857,refs_json
P37840,140,32,32,static,,0.9714,refs_json
P37840,140,32,32,prefix,1,0.9643,refs_json
P37840,140,32,32,prefix,2,0.9714,refs_json
P37840,140,32,32,prefix,3,0.9714,refs_json
P37840,140,32,32,prefix,4,0.9786,refs_json
P37840,140,32,32,prefix,5,0.9786,refs_json
P37840,140,64,64,static,,0.9786,refs_json
P37840,140,64,64,prefix,1,0.9571,refs_json
P37840,140,64,64,prefix,2,0.9714,refs_json
P37840,140,64,64,prefix,3,0.9643,refs_json
P37840,140,64,64,prefix,4,0.9714,refs_json
P37840,140,64,64,prefix,5,0.9714,refs_json
P42212,238,4,4,static,,0.5042,refs_json
P42212,238,4,4,prefix,1,0.8109,refs_json
P42212,238,4,4,prefix,2,0.8487,refs_json
P42212,238,4,4,prefix,3,0.8613,refs_json
P42212,238,4,4,prefix,4,0.8697,refs_json
P42212,238,4,4,prefix,5,0.8697,refs_json
P42212,238,8,8,static,,0.6345,refs_json
P42212,238,8,8,prefix,1,0.8193,refs_json
P42212,238,8,8,prefix,2,0.8571,refs_json
P42212,238,8,8,prefix,3,0.8655,refs_json
P42212,238,8,8,prefix,4,0.8739,refs_json
P42212,238,8,8,prefix,5,0.8739,refs_json
P42212,238,16,16,static,,0.6303,refs_json
P42212,238,16,16,prefix,1,0.8151,refs_json
P42212,238,16,16,prefix,2,0.8487,refs_json
P42212,238,16,16,prefix,3,0.8571,refs_json
P42212,238,16,16,prefix,4,0.8655,refs_json
P42212,238,16,16,prefix,5,0.8655,refs_json
P42212,238,32,32,static,,0.5294,refs_json
P42212,238,32,32,prefix,1,0.8529,refs_json
P42212,238,32,32,prefix,2,0.9202,refs_json
P42212,238,32,32,prefix,3,0.9286,refs_json
P42212,238,32,32,prefix,4,0.9412,refs_json
P42212,238,32,32,prefix,5,0.9454,refs_json
P42212,238,64,64,static,,0.6849,refs_json
P42212,238,64,64,prefix,1,0.8782,refs_json
P42212,238,64,64,prefix,2,0.916,refs_json
P42212,238,64,64,prefix,3,0.9202,refs_json
P42212,238,64,64,prefix,4,0.9244,refs_json
P42212,238,64,64,prefix,5,0.9286,refs_json
P43408,192,4,4,static,,0.9115,refs_json
P43408,192,4,4,prefix,1,0.9375,refs_json
P43408,192,4,4,prefix,2,0.9375,refs_json
P43408,192,4,4,prefix,3,0.9479,refs_json
P43408,192,4,4,prefix,4,0.9479,refs_json
P43408,192,4,4,prefix,5,0.9531,refs_json
P43408,192,8,8,static,,0.9271,refs_json
P43408,192,8,8,prefix,1,0.9375,refs_json
P43408,192,8,8,prefix,2,0.9375,refs_json
P43408,192,8,8,prefix,3,0.9375,refs_json
P43408,192,8,8,prefix,4,0.9375,refs_json
P43408,192,8,8,prefix,5,0.9427,refs_json
P43408,192,16,16,static,,0.9323,refs_json
P43408,192,16,16,prefix,1,0.9375,refs_json
P43408,192,16,16,prefix,2,0.9427,refs_json
P43408,192,16,16,prefix,3,0.9375,refs_json
P43408,192,16,16,prefix,4,0.9427,refs_json
P43408,192,16,16,prefix,5,0.9531,refs_json
P43408,192,32,32,static,,0.9167,refs_json
P43408,192,32,32,prefix,1,0.9219,refs_json
P43408,192,32,32,prefix,2,0.9167,refs_json
P43408,192,32,32,prefix,3,0.9271,refs_json
P43408,192,32,32,prefix,4,0.9323,refs_json
P43408,192,32,32,prefix,5,0.9427,refs_json
P43408,192,64,64,static,,0.9062,refs_json
P43408,192,64,64,prefix,1,0.9167,refs_json
P43408,192,64,64,prefix,2,0.9167,refs_json
P43408,192,64,64,prefix,3,0.9323,refs_json
P43408,192,64,64,prefix,4,0.9323,refs_json
P43408,192,64,64,prefix,5,0.9323,refs_json
P56201,797,4,4,static,,0.8846,refs_json
P56201,797,4,4,prefix,1,0.9272,refs_json
P56201,797,4,4,prefix,2,0.9322,refs_json
P56201,797,4,4,prefix,3,0.936,refs_json
P56201,797,4,4,prefix,4,0.936,refs_json
P56201,797,4,4,prefix,5,0.9385,refs_json
P56201,797,8,8,static,,0.872,refs_json
P56201,797,8,8,prefix,1,0.9184,refs_json
P56201,797,8,8,prefix,2,0.9222,refs_json
P56201,797,8,8,prefix,3,0.9272,refs_json
P56201,797,8,8,prefix,4,0.931,refs_json
P56201,797,8,8,prefix,5,0.9348,refs_json
P56201,797,16,16,static,,0.8833,refs_json
P56201,797,16,16,prefix,1,0.926,refs_json
P56201,797,16,16,prefix,2,0.936,refs_json
P56201,797,16,16,prefix,3,0.9435,refs_json
P56201,797,16,16,prefix,4,0.946,refs_json
P56201,797,16,16,prefix,5,0.9498,refs_json
P56201,797,32,32,static,,0.8846,refs_json
P56201,797,32,32,prefix,1,0.9322,refs_json
P56201,797,32,32,prefix,2,0.9398,refs_json
P56201,797,32,32,prefix,3,0.9448,refs_json
P56201,797,32,32,prefix,4,0.9448,refs_json
P56201,797,32,32,prefix,5,0.9486,refs_json
P56201,797,64,64,static,,0.8708,refs_json
P56201,797,64,64,prefix,1,0.9285,refs_json
P56201,797,64,64,prefix,2,0.9373,refs_json
P56201,797,64,64,prefix,3,0.9435,refs_json
P56201,797,64,64,prefix,4,0.946,refs_json
P56201,797,64,64,prefix,5,0.9486,refs_json
P56252,433,4,4,static,,0.9446,refs_json
P56252,433,4,4,prefix,1,0.9423,refs_json
P56252,433,4,4,prefix,2,0.9423,refs_json
P56252,433,4,4,prefix,3,0.9423,refs_json
P56252,433,4,4,prefix,4,0.9446,refs_json
P56252,433,4,4,prefix,5,0.9446,refs_json
P56252,433,8,8,static,,0.9469,refs_json
P56252,433,8,8,prefix,1,0.9515,refs_json
P56252,433,8,8,prefix,2,0.9561,refs_json
P56252,433,8,8,prefix,3,0.9538,refs_json
P56252,433,8,8,prefix,4,0.9584,refs_json
P56252,433,8,8,prefix,5,0.9607,refs_json
P56252,433,16,16,static,,0.9561,refs_json
P56252,433,16,16,prefix,1,0.9607,refs_json
P56252,433,16,16,prefix,2,0.9584,refs_json
P56252,433,16,16,prefix,3,0.9584,refs_json
P56252,433,16,16,prefix,4,0.963,refs_json
P56252,433,16,16,prefix,5,0.9654,refs_json
P56252,433,32,32,static,,0.97,refs_json
P56252,433,32,32,prefix,1,0.9746,refs_json
P56252,433,32,32,prefix,2,0.97,refs_json
P56252,433,32,32,prefix,3,0.9723,refs_json
P56252,433,32,32,prefix,4,0.9746,refs_json
P56252,433,32,32,prefix,5,0.9723,refs_json
P56252,433,64,64,static,,0.9677,refs_json
P56252,433,64,64,prefix,1,0.97,refs_json
P56252,433,64,64,prefix,2,0.97,refs_json
P56252,433,64,64,prefix,3,0.97,refs_json
P56252,433,64,64,prefix,4,0.9723,refs_json
P56252,433,64,64,prefix,5,0.9723,refs_json
P61626,148,4,4,static,,0.9797,refs_json
P61626,148,4,4,prefix,1,0.9797,refs_json
P61626,148,4,4,prefix,2,0.9797,refs_json
P61626,148,4,4,prefix,3,0.9797,refs_json
P61626,148,4,4,prefix,4,0.9797,refs_json
P61626,148,4,4,prefix,5,0.9797,refs_json
P61626,148,8,8,static,,0.9865,refs_json
P61626,148,8,8,prefix,1,0.9932,refs_json
P61626,148,8,8,prefix,2,0.9932,refs_json
P61626,148,8,8,prefix,3,0.9932,refs_json
P61626,148,8,8,prefix,4,0.9932,refs_json
P61626,148,8,8,prefix,5,0.9932,refs_json
P61626,148,16,16,static,,0.973,refs_json
P61626,148,16,16,prefix,1,0.9797,refs_json
P61626,148,16,16,prefix,2,0.9865,refs_json
P61626,148,16,16,prefix,3,0.9865,refs_json
P61626,148,16,16,prefix,4,0.9865,refs_json
P61626,148,16,16,prefix,5,0.9865,refs_json
P61626,148,32,32,static,,0.9797,refs_json
P61626,148,32,32,prefix,1,0.9797,refs_json
P61626,148,32,32,prefix,2,0.9797,refs_json
P61626,148,32,32,prefix,3,0.9797,refs_json
P61626,148,32,32,prefix,4,0.9797,refs_json
P61626,148,32,32,prefix,5,0.9797,refs_json
P61626,148,64,64,static,,0.973,refs_json
P61626,148,64,64,prefix,1,0.9797,refs_json
P61626,148,64,64,prefix,2,0.9797,refs_json
P61626,148,64,64,prefix,3,0.9797,refs_json
P61626,148,64,64,prefix,4,0.9797,refs_json
P61626,148,64,64,prefix,5,0.9797,refs_json
P61769,119,4,4,static,,0.9244,refs_json
P61769,119,4,4,prefix,1,0.9328,refs_json
P61769,119,4,4,prefix,2,0.9496,refs_json
P61769,119,4,4,prefix,3,0.9496,refs_json
P61769,119,4,4,prefix,4,0.9496,refs_json
P61769,119,4,4,prefix,5,0.9496,refs_json
P61769,119,8,8,static,,0.9244,refs_json
P61769,119,8,8,prefix,1,0.9412,refs_json
P61769,119,8,8,prefix,2,0.9496,refs_json
P61769,119,8,8,prefix,3,0.9496,refs_json
P61769,119,8,8,prefix,4,0.9496,refs_json
P61769,119,8,8,prefix,5,0.9496,refs_json
P61769,119,16,16,static,,0.9328,refs_json
P61769,119,16,16,prefix,1,0.9496,refs_json
P61769,119,16,16,prefix,2,0.958,refs_json
P61769,119,16,16,prefix,3,0.958,refs_json
P61769,119,16,16,prefix,4,0.958,refs_json
P61769,119,16,16,prefix,5,0.958,refs_json
P61769,119,32,32,static,,0.9244,refs_json
P61769,119,32,32,prefix,1,0.9328,refs_json
P61769,119,32,32,prefix,2,0.9496,refs_json
P61769,119,32,32,prefix,3,0.9496,refs_json
P61769,119,32,32,prefix,4,0.9496,refs_json
P61769,119,32,32,prefix,5,0.9496,refs_json
P61769,119,64,64,static,,0.8992,refs_json
P61769,119,64,64,prefix,1,0.9244,refs_json
P61769,119,64,64,prefix,2,0.9412,refs_json
P61769,119,64,64,prefix,3,0.9412,refs_json
P61769,119,64,64,prefix,4,0.9412,refs_json
P61769,119,64,64,prefix,5,0.9412,refs_json
P62937,165,4,4,static,,0.9818,refs_json
P62937,165,4,4,prefix,1,0.9818,refs_json
P62937,165,4,4,prefix,2,0.9879,refs_json
P62937,165,4,4,prefix,3,0.9939,refs_json
P62937,165,4,4,prefix,4,0.9939,refs_json
P62937,165,4,4,prefix,5,0.9939,refs_json
P62937,165,8,8,static,,1.0,refs_json
P62937,165,8,8,prefix,1,1.0,refs_json
P62937,165,8,8,prefix,2,1.0,refs_json
P62937,165,8,8,prefix,3,1.0,refs_json
P62937,165,8,8,prefix,4,1.0,refs_json
P62937,165,8,8,prefix,5,1.0,refs_json
P62937,165,16,16,static,,0.9939,refs_json
P62937,165,16,16,prefix,1,0.9939,refs_json
P62937,165,16,16,prefix,2,0.9939,refs_json
P62937,165,16,16,prefix,3,0.9939,refs_json
P62937,165,16,16,prefix,4,0.9939,refs_json
P62937,165,16,16,prefix,5,0.9939,refs_json
P62937,165,32,32,static,,0.9636,refs_json
P62937,165,32,32,prefix,1,0.9636,refs_json
P62937,165,32,32,prefix,2,0.9697,refs_json
P62937,165,32,32,prefix,3,0.9758,refs_json
P62937,165,32,32,prefix,4,0.9818,refs_json
P62937,165,32,32,prefix,5,0.9818,refs_json
P62937,165,64,64,static,,0.9576,refs_json
P62937,165,64,64,prefix,1,0.9576,refs_json
P62937,165,64,64,prefix,2,0.9636,refs_json
P62937,165,64,64,prefix,3,0.9636,refs_json
P62937,165,64,64,prefix,4,0.9636,refs_json
P62937,165,64,64,prefix,5,0.9636,refs_json
P62944,937,4,4,static,,0.9925,refs_json
P62944,937,4,4,prefix,1,0.9925,refs_json
P62944,937,4,4,prefix,2,0.9925,refs_json
P62944,937,4,4,prefix,3,0.9915,refs_json
P62944,937,4,4,prefix,4,0.9915,refs_json
P62944,937,4,4,prefix,5,0.9915,refs_json
P62944,937,8,8,static,,0.9957,refs_json
P62944,937,8,8,prefix,1,0.9957,refs_json
P62944,937,8,8,prefix,2,0.9957,refs_json
P62944,937,8,8,prefix,3,0.9957,refs_json
P62944,937,8,8,prefix,4,0.9957,refs_json
P62944,937,8,8,prefix,5,0.9947,refs_json
P62944,937,16,16,static,,0.9893,refs_json
P62944,937,16,16,prefix,1,0.9893,refs_json
P62944,937,16,16,prefix,2,0.9915,refs_json
P62944,937,16,16,prefix,3,0.9904,refs_json
P62944,937,16,16,prefix,4,0.9904,refs_json
P62944,937,16,16,prefix,5,0.9904,refs_json
P62944,937,32,32,static,,0.9883,refs_json
P62944,937,32,32,prefix,1,0.9883,refs_json
P62944,937,32,32,prefix,2,0.9904,refs_json
P62944,937,32,32,prefix,3,0.9904,refs_json
P62944,937,32,32,prefix,4,0.9915,refs_json
P62944,937,32,32,prefix,5,0.9915,refs_json
P62944,937,64,64,static,,0.9861,refs_json
P62944,937,64,64,prefix,1,0.9872,refs_json
P62944,937,64,64,prefix,2,0.9893,refs_json
P62944,937,64,64,prefix,3,0.9893,refs_json
P62944,937,64,64,prefix,4,0.9904,refs_json
P62944,937,64,64,prefix,5,0.9904,refs_json
P63101,245,4,4,static,,0.9796,refs_json
P63101,245,4,4,prefix,1,0.9918,refs_json
P63101,245,4,4,prefix,2,0.9918,refs_json
P63101,245,4,4,prefix,3,0.9918,refs_json
P63101,245,4,4,prefix,4,0.9918,refs_json
P63101,245,4,4,prefix,5,0.9918,refs_json
P63101,245,8,8,static,,0.9714,refs_json
P63101,245,8,8,prefix,1,0.9837,refs_json
P63101,245,8,8,prefix,2,0.9837,refs_json
P63101,245,8,8,prefix,3,0.9837,refs_json
P63101,245,8,8,prefix,4,0.9878,refs_json
P63101,245,8,8,prefix,5,0.9878,refs_json
P63101,245,16,16,static,,0.9796,refs_json
P63101,245,16,16,prefix,1,0.9918,refs_json
P63101,245,16,16,prefix,2,0.9918,refs_json
P63101,245,16,16,prefix,3,0.9918,refs_json
P63101,245,16,16,prefix,4,0.9959,refs_json
P63101,245,16,16,prefix,5,0.9959,refs_json
P63101,245,32,32,static,,0.9714,refs_json
P63101,245,32,32,prefix,1,0.9837,refs_json
P63101,245,32,32,prefix,2,0.9837,refs_json
P63101,245,32,32,prefix,3,0.9837,refs_json
P63101,245,32,32,prefix,4,0.9878,refs_json
P63101,245,32,32,prefix,5,0.9878,refs_json
P63101,245,64,64,static,,0.9673,refs_json
P63101,245,64,64,prefix,1,0.9878,refs_json
P63101,245,64,64,prefix,2,0.9837,refs_json
P63101,245,64,64,prefix,3,0.9837,refs_json
P63101,245,64,64,prefix,4,0.9878,refs_json
P63101,245,64,64,prefix,5,0.9878,refs_json
P63165,101,4,4,static,,0.9901,refs_json
P63165,101,4,4,prefix,1,0.9901,refs_json
P63165,101,4,4,prefix,2,0.9901,refs_json
P63165,101,4,4,prefix,3,0.9901,refs_json
P63165,101,4,4,prefix,4,0.9901,refs_json
P63165,101,4,4,prefix,5,0.9901,refs_json
P63165,101,8,8,static,,0.9901,refs_json
P63165,101,8,8,prefix,1,0.9901,refs_json
P63165,101,8,8,prefix,2,0.9901,refs_json
P63165,101,8,8,prefix,3,0.9901,refs_json
P63165,101,8,8,prefix,4,0.9901,refs_json
P63165,101,8,8,prefix,5,0.9901,refs_json
P63165,101,16,16,static,,0.9901,refs_json
P63165,101,16,16,prefix,1,0.9901,refs_json
P63165,101,16,16,prefix,2,0.9901,refs_json
P63165,101,16,16,prefix,3,0.9901,refs_json
P63165,101,16,16,prefix,4,0.9901,refs_json
P63165,101,16,16,prefix,5,0.9901,refs_json
P63165,101,32,32,static,,0.9802,refs_json
P63165,101,32,32,prefix,1,0.9802,refs_json
P63165,101,32,32,prefix,2,0.9802,refs_json
P63165,101,32,32,prefix,3,0.9802,refs_json
P63165,101,32,32,prefix,4,0.9802,refs_json
P63165,101,32,32,prefix,5,0.9802,refs_json
P63165,101,64,64,static,,1.0,refs_json
P63165,101,64,64,prefix,1,1.0,refs_json
P63165,101,64,64,prefix,2,1.0,refs_json
P63165,101,64,64,prefix,3,1.0,refs_json
P63165,101,64,64,prefix,4,1.0,refs_json
P63165,101,64,64,prefix,5,1.0,refs_json
P68082,154,4,4,static,,0.8312,refs_json
P68082,154,4,4,prefix,1,0.8377,refs_json
P68082,154,4,4,prefix,2,0.8571,refs_json
P68082,154,4,4,prefix,3,0.8571,refs_json
P68082,154,4,4,prefix,4,0.8506,refs_json
P68082,154,4,4,prefix,5,0.8571,refs_json
P68082,154,8,8,static,,0.8117,refs_json
P68082,154,8,8,prefix,1,0.8182,refs_json
P68082,154,8,8,prefix,2,0.8442,refs_json
P68082,154,8,8,prefix,3,0.8442,refs_json
P68082,154,8,8,prefix,4,0.8377,refs_json
P68082,154,8,8,prefix,5,0.8442,refs_json
P68082,154,16,16,static,,0.8312,refs_json
P68082,154,16,16,prefix,1,0.8506,refs_json
P68082,154,16,16,prefix,2,0.8636,refs_json
P68082,154,16,16,prefix,3,0.8701,refs_json
P68082,154,16,16,prefix,4,0.8831,refs_json
P68082,154,16,16,prefix,5,0.9026,refs_json
P68082,154,32,32,static,,0.8831,refs_json
P68082,154,32,32,prefix,1,0.9091,refs_json
P68082,154,32,32,prefix,2,0.9026,refs_json
P68082,154,32,32,prefix,3,0.9026,refs_json
P68082,154,32,32,prefix,4,0.9091,refs_json
P68082,154,32,32,prefix,5,0.9221,refs_json
P68082,154,64,64,static,,0.8896,refs_json
P68082,154,64,64,prefix,1,0.9091,refs_json
P68082,154,64,64,prefix,2,0.9026,refs_json
P68082,154,64,64,prefix,3,0.9156,refs_json
P68082,154,64,64,prefix,4,0.9221,refs_json
P68082,154,64,64,prefix,5,0.9221,refs_json
P68871,147,4,4,static,,0.9456,refs_json
P68871,147,4,4,prefix,1,0.9456,refs_json
P68871,147,4,4,prefix,2,0.9456,refs_json
P68871,147,4,4,prefix,3,0.9456,refs_json
P68871,147,4,4,prefix,4,0.9456,refs_json
P68871,147,4,4,prefix,5,0.9524,refs_json
P68871,147,8,8,static,,0.9592,refs_json
P68871,147,8,8,prefix,1,0.9592,refs_json
P68871,147,8,8,prefix,2,0.9592,refs_json
P68871,147,8,8,prefix,3,0.9592,refs_json
P68871,147,8,8,prefix,4,0.9592,refs_json
P68871,147,8,8,prefix,5,0.966,refs_json
P68871,147,16,16,static,,0.9456,refs_json
P68871,147,16,16,prefix,1,0.9456,refs_json
P68871,147,16,16,prefix,2,0.9456,refs_json
P68871,147,16,16,prefix,3,0.9456,refs_json
P68871,147,16,16,prefix,4,0.9456,refs_json
P68871,147,16,16,prefix,5,0.9524,refs_json
P68871,147,32,32,static,,0.9456,refs_json
P68871,147,32,32,prefix,1,0.9456,refs_json
P68871,147,32,32,prefix,2,0.9388,refs_json
P68871,147,32,32,prefix,3,0.9388,refs_json
P68871,147,32,32,prefix,4,0.9388,refs_json
P68871,147,32,32,prefix,5,0.9524,refs_json
P68871,147,64,64,static,,0.9456,refs_json
P68871,147,64,64,prefix,1,0.9456,refs_json
P68871,147,64,64,prefix,2,0.9388,refs_json
P68871,147,64,64,prefix,3,0.9388,refs_json
P68871,147,64,64,prefix,4,0.9388,refs_json
P68871,147,64,64,prefix,5,0.9524,refs_json
Q57733,147,4,4,static,,0.9932,refs_json
Q57733,147,4,4,prefix,1,0.9864,refs_json
Q57733,147,4,4,prefix,2,0.9864,refs_json
Q57733,147,4,4,prefix,3,0.9864,refs_json
Q57733,147,4,4,prefix,4,0.9864,refs_json
Q57733,147,4,4,prefix,5,0.9932,refs_json
Q57733,147,8,8,static,,0.9796,refs_json
Q57733,147,8,8,prefix,1,0.9796,refs_json
Q57733,147,8,8,prefix,2,0.9796,refs_json
Q57733,147,8,8,prefix,3,0.9796,refs_json
Q57733,147,8,8,prefix,4,0.9864,refs_json
Q57733,147,8,8,prefix,5,0.9932,refs_json
Q57733,147,16,16,static,,0.9048,refs_json
Q57733,147,16,16,prefix,1,0.9388,refs_json
Q57733,147,16,16,prefix,2,0.966,refs_json
Q57733,147,16,16,prefix,3,0.9728,refs_json
Q57733,147,16,16,prefix,4,0.9796,refs_json
Q57733,147,16,16,prefix,5,0.9728,refs_json
Q57733,147,32,32,static,,0.8095,refs_json
Q57733,147,32,32,prefix,1,0.8776,refs_json
Q57733,147,32,32,prefix,2,0.932,refs_json
Q57733,147,32,32,prefix,3,0.9456,refs_json
Q57733,147,32,32,prefix,4,0.9592,refs_json
Q57733,147,32,32,prefix,5,0.9592,refs_json
Q57733,147,64,64,static,,0.7483,refs_json
Q57733,147,64,64,prefix,1,0.8503,refs_json
Q57733,147,64,64,prefix,2,0.898,refs_json
Q57733,147,64,64,prefix,3,0.932,refs_json
Q57733,147,64,64,prefix,4,0.9524,refs_json
Q57733,147,64,64,prefix,5,0.9592,refs_json
Q9R0Q7,160,4,4,static,,1.0,refs_json
Q9R0Q7,160,4,4,prefix,1,1.0,refs_json
Q9R0Q7,160,4,4,prefix,2,1.0,refs_json
Q9R0Q7,160,4,4,prefix,3,1.0,refs_json
Q9R0Q7,160,4,4,prefix,4,1.0,refs_json
Q9R0Q7,160,4,4,prefix,5,1.0,refs_json
Q9R0Q7,160,8,8,static,,1.0,refs_json
Q9R0Q7,160,8,8,prefix,1,1.0,refs_json
Q9R0Q7,160,8,8,prefix,2,1.0,refs_json
Q9R0Q7,160,8,8,prefix,3,1.0,refs_json
Q9R0Q7,160,8,8,prefix,4,1.0,refs_json
Q9R0Q7,160,8,8,prefix,5,1.0,refs_json
Q9R0Q7,160,16,16,static,,1.0,refs_json
Q9R0Q7,160,16,16,prefix,1,1.0,refs_json
Q9R0Q7,160,16,16,prefix,2,1.0,refs_json
Q9R0Q7,160,16,16,prefix,3,1.0,refs_json
Q9R0Q7,160,16,16,prefix,4,1.0,refs_json
Q9R0Q7,160,16,16,prefix,5,1.0,refs_json
Q9R0Q7,160,32,32,static,,1.0,refs_json
Q9R0Q7,160,32,32,prefix,1,1.0,refs_json
Q9R0Q7,160,32,32,prefix,2,1.0,refs_json
Q9R0Q7,160,32,32,prefix,3,1.0,refs_json
Q9R0Q7,160,32,32,prefix,4,1.0,refs_json
Q9R0Q7,160,32,32,prefix,5,1.0,refs_json
Q9R0Q7,160,64,64,static,,0.9938,refs_json
Q9R0Q7,160,64,64,prefix,1,0.9938,refs_json
Q9R0Q7,160,64,64,prefix,2,0.9938,refs_json
Q9R0Q7,160,64,64,prefix,3,0.9938,refs_json
Q9R0Q7,160,64,64,prefix,4,0.9938,refs_json
Q9R0Q7,160,64,64,prefix,5,0.9938,refs_json
